{
    "name": "root",
    "gauges": {
        "ArcherBehavior.Policy.Entropy.mean": {
            "value": 1.1160143613815308,
            "min": 1.1160143613815308,
            "max": 1.4189387559890747,
            "count": 500
        },
        "ArcherBehavior.Policy.Entropy.sum": {
            "value": 111.60143280029297,
            "min": 111.60143280029297,
            "max": 141.8938751220703,
            "count": 500
        },
        "ArcherBehavior.Environment.EpisodeLength.mean": {
            "value": 0.0,
            "min": 0.0,
            "max": 0.0,
            "count": 500
        },
        "ArcherBehavior.Environment.EpisodeLength.sum": {
            "value": 0.0,
            "min": 0.0,
            "max": 0.0,
            "count": 500
        },
        "ArcherBehavior.Step.mean": {
            "value": 49999.0,
            "min": 99.0,
            "max": 49999.0,
            "count": 500
        },
        "ArcherBehavior.Step.sum": {
            "value": 49999.0,
            "min": 99.0,
            "max": 49999.0,
            "count": 500
        },
        "ArcherBehavior.Policy.ExtrinsicValueEstimate.mean": {
            "value": -0.9907028079032898,
            "min": -2.881399154663086,
            "max": -0.8829908967018127,
            "count": 500
        },
        "ArcherBehavior.Policy.ExtrinsicValueEstimate.sum": {
            "value": -99.07028198242188,
            "min": -285.2585144042969,
            "max": -88.29908752441406,
            "count": 500
        },
        "ArcherBehavior.Environment.CumulativeReward.mean": {
            "value": -1.0,
            "min": -1.0,
            "max": -0.922879975438118,
            "count": 500
        },
        "ArcherBehavior.Environment.CumulativeReward.sum": {
            "value": -100.0,
            "min": -100.0,
            "max": -92.2879975438118,
            "count": 500
        },
        "ArcherBehavior.Policy.ExtrinsicReward.mean": {
            "value": -1.0,
            "min": -1.0,
            "max": -0.922879975438118,
            "count": 500
        },
        "ArcherBehavior.Policy.ExtrinsicReward.sum": {
            "value": -100.0,
            "min": -100.0,
            "max": -92.2879975438118,
            "count": 500
        },
        "ArcherBehavior.IsTraining.mean": {
            "value": 1.0,
            "min": 1.0,
            "max": 1.0,
            "count": 500
        },
        "ArcherBehavior.IsTraining.sum": {
            "value": 1.0,
            "min": 1.0,
            "max": 1.0,
            "count": 500
        },
        "ArcherBehavior.Losses.PolicyLoss.mean": {
            "value": 0.0,
            "min": 0.0,
            "max": 0.9980774343013763,
            "count": 495
        },
        "ArcherBehavior.Losses.PolicyLoss.sum": {
            "value": 0.0,
            "min": 0.0,
            "max": 0.9980774343013763,
            "count": 495
        },
        "ArcherBehavior.Losses.ValueLoss.mean": {
            "value": 8.636051182596324e-05,
            "min": 0.0,
            "max": 0.5053259153501131,
            "count": 495
        },
        "ArcherBehavior.Losses.ValueLoss.sum": {
            "value": 8.636051182596324e-05,
            "min": 0.0,
            "max": 0.5053259153501131,
            "count": 495
        },
        "ArcherBehavior.Policy.LearningRate.mean": {
            "value": 3.0099989999996706e-08,
            "min": 3.0099989999996706e-08,
            "max": 0.00029939400020199985,
            "count": 495
        },
        "ArcherBehavior.Policy.LearningRate.sum": {
            "value": 3.0099989999996706e-08,
            "min": 3.0099989999996706e-08,
            "max": 0.00029939400020199985,
            "count": 495
        },
        "ArcherBehavior.Policy.Epsilon.mean": {
            "value": 0.10001000000000003,
            "min": 0.10001000000000003,
            "max": 0.19979800000000006,
            "count": 495
        },
        "ArcherBehavior.Policy.Epsilon.sum": {
            "value": 0.10001000000000003,
            "min": 0.10001000000000003,
            "max": 0.19979800000000006,
            "count": 495
        },
        "ArcherBehavior.Policy.Beta.mean": {
            "value": 1.0048999999999993e-05,
            "min": 1.0048999999999993e-05,
            "max": 0.0004990102000000001,
            "count": 495
        },
        "ArcherBehavior.Policy.Beta.sum": {
            "value": 1.0048999999999993e-05,
            "min": 1.0048999999999993e-05,
            "max": 0.0004990102000000001,
            "count": 495
        }
    },
    "metadata": {
        "timer_format_version": "0.1.0",
        "start_time_seconds": "1620026493",
        "python_version": "3.7.9 (default, Aug 31 2020, 07:22:35) \n[Clang 10.0.0 ]",
        "command_line_arguments": "/Users/edwardli/anaconda3/envs/ml-agents/bin/mlagents-learn config/archer_config.yaml --run-id=norand_test --force",
        "mlagents_version": "0.26.0",
        "mlagents_envs_version": "0.26.0",
        "communication_protocol_version": "1.5.0",
        "pytorch_version": "1.7.1",
        "numpy_version": "1.18.5",
        "end_time_seconds": "1620029465"
    },
    "total": 2972.62924338,
    "count": 1,
    "self": 0.022023982999598957,
    "children": {
        "run_training.setup": {
            "total": 0.083703356,
            "count": 1,
            "self": 0.083703356
        },
        "TrainerController.start_learning": {
            "total": 2972.523516041,
            "count": 1,
            "self": 1.339356182978463,
            "children": {
                "TrainerController._reset_env": {
                    "total": 7.529621074,
                    "count": 1,
                    "self": 7.529621074
                },
                "TrainerController.advance": {
                    "total": 2963.4328791030216,
                    "count": 50001,
                    "self": 1.2186475019875616,
                    "children": {
                        "env_step": {
                            "total": 2813.9703894440177,
                            "count": 50001,
                            "self": 2779.0109578969846,
                            "children": {
                                "SubprocessEnvManager._take_step": {
                                    "total": 34.30729722398632,
                                    "count": 50001,
                                    "self": 2.6100340669450404,
                                    "children": {
                                        "TorchPolicy.evaluate": {
                                            "total": 31.697263157041277,
                                            "count": 50001,
                                            "self": 5.7899739079787125,
                                            "children": {
                                                "TorchPolicy.sample_actions": {
                                                    "total": 25.907289249062565,
                                                    "count": 50001,
                                                    "self": 25.907289249062565
                                                }
                                            }
                                        }
                                    }
                                },
                                "workers": {
                                    "total": 0.65213432304677,
                                    "count": 50001,
                                    "self": 0.0,
                                    "children": {
                                        "worker_root": {
                                            "total": 2970.824095875034,
                                            "count": 50001,
                                            "is_parallel": true,
                                            "self": 239.73205682108573,