{
    "name": "root",
    "gauges": {
        "ArcherBehavior.Policy.Entropy.mean": {
            "value": 1.3728411197662354,
            "min": 1.3728411197662354,
            "max": 1.419075846672058,
            "count": 75
        },
        "ArcherBehavior.Policy.Entropy.sum": {
            "value": 1372.841064453125,
            "min": 1372.841064453125,
            "max": 1460.08740234375,
            "count": 75
        },
        "ArcherBehavior.Environment.EpisodeLength.mean": {
            "value": 0.0,
            "min": 0.0,
            "max": 0.0,
            "count": 75
        },
        "ArcherBehavior.Environment.EpisodeLength.sum": {
            "value": 0.0,
            "min": 0.0,
            "max": 0.0,
            "count": 75
        },
        "ArcherBehavior.Step.mean": {
            "value": 74999.0,
            "min": 999.0,
            "max": 74999.0,
            "count": 75
        },
        "ArcherBehavior.Step.sum": {
            "value": 74999.0,
            "min": 999.0,
            "max": 74999.0,
            "count": 75
        },
        "ArcherBehavior.Policy.ExtrinsicValueEstimate.mean": {
            "value": -0.6953125596046448,
            "min": -0.8643348217010498,
            "max": 0.0,
            "count": 75
        },
        "ArcherBehavior.Policy.ExtrinsicValueEstimate.sum": {
            "value": -695.3125610351562,
            "min": -864.3348388671875,
            "max": 0.0,
            "count": 75
        },
        "ArcherBehavior.Environment.CumulativeReward.mean": {
            "value": -0.6573931371569633,
            "min": -0.8743743743743744,
            "max": -0.6553169401288033,
            "count": 75
        },
        "ArcherBehavior.Environment.CumulativeReward.sum": {
            "value": -657.3931371569633,
            "min": -874.098725259304,
            "max": -655.3169401288033,
            "count": 75
        },
        "ArcherBehavior.Policy.ExtrinsicReward.mean": {
            "value": -0.6573931371569633,
            "min": -0.8743743743743744,
            "max": -0.6553169401288033,
            "count": 75
        },
        "ArcherBehavior.Policy.ExtrinsicReward.sum": {
            "value": -657.3931371569633,
            "min": -874.098725259304,
            "max": -655.3169401288033,
            "count": 75
        },
        "ArcherBehavior.IsTraining.mean": {
            "value": 1.0,
            "min": 1.0,
            "max": 1.0,
            "count": 75
        },
        "ArcherBehavior.IsTraining.sum": {
            "value": 1.0,
            "min": 1.0,
            "max": 1.0,
            "count": 75
        },
        "ArcherBehavior.Losses.PolicyLoss.mean": {
            "value": 0.022975796073054274,
            "min": 0.015960244306673605,
            "max": 0.037547969818115236,
            "count": 7
        },
        "ArcherBehavior.Losses.PolicyLoss.sum": {
            "value": 0.022975796073054274,
            "min": 0.015960244306673605,
            "max": 0.037547969818115236,
            "count": 7
        },
        "ArcherBehavior.Losses.ValueLoss.mean": {
            "value": 0.04589321290453275,
            "min": 0.04589321290453275,
            "max": 0.689628255367279,
            "count": 7
        },
        "ArcherBehavior.Losses.ValueLoss.sum": {
            "value": 0.04589321290453275,
            "min": 0.04589321290453275,
            "max": 0.689628255367279,
            "count": 7
        },
        "ArcherBehavior.Policy.LearningRate.mean": {
            "value": 0.0005220533811279998,
            "min": 0.0005220533811279998,
            "max": 0.0009317266734940005,
            "count": 7
        },
        "ArcherBehavior.Policy.LearningRate.sum": {
            "value": 0.0005220533811279998,
            "min": 0.0005220533811279998,
            "max": 0.0009317266734940005,
            "count": 7
        },
        "ArcherBehavior.Policy.Epsilon.mean": {
            "value": 0.15220533333333333,
            "min": 0.15220533333333333,
            "max": 0.19317266666666674,
            "count": 7
        },
        "ArcherBehavior.Policy.Epsilon.sum": {
            "value": 0.15220533333333333,
            "min": 0.15220533333333333,
            "max": 0.19317266666666674,
            "count": 7
        },
        "ArcherBehavior.Policy.Beta.mean": {
            "value": 0.00026580613333333336,
            "min": 0.00026580613333333336,
            "max": 0.0004665460666666668,
            "count": 7
        },
        "ArcherBehavior.Policy.Beta.sum": {
            "value": 0.00026580613333333336,
            "min": 0.00026580613333333336,
            "max": 0.0004665460666666668,
            "count": 7
        }
    },
    "metadata": {
        "timer_format_version": "0.1.0",
        "start_time_seconds": "1620146190",
        "python_version": "3.7.9 (default, Aug 31 2020, 07:22:35) \n[Clang 10.0.0 ]",
        "command_line_arguments": "/Users/edwardli/anaconda3/envs/ml-agents/bin/mlagents-learn config/archer_config.yaml --run-id=largenn",
        "mlagents_version": "0.26.0",
        "mlagents_envs_version": "0.26.0",
        "communication_protocol_version": "1.5.0",
        "pytorch_version": "1.7.1",
        "numpy_version": "1.18.5",
        "end_time_seconds": "1620146574"
    },
    "total": 384.508101809,
    "count": 1,
    "self": 0.008429917999933423,
    "children": {
        "run_training.setup": {
            "total": 0.08129476999999996,
            "count": 1,
            "self": 0.08129476999999996
        },
        "TrainerController.start_learning": {
            "total": 384.41837712100005,
            "count": 1,
            "self": 1.2561462369957894,
            "children": {
                "TrainerController._reset_env": {
                    "total": 6.960884171,
                    "count": 1,
                    "self": 6.960884171
                },
                "TrainerController.advance": {
                    "total": 376.0721074990043,
                    "count": 50837,
                    "self": 0.697911668999609,
                    "children": {
                        "env_step": {
                            "total": 375.3741958300047,
                            "count": 50837,
                            "self": 255.601444779002,
                            "children": {
                                "SubprocessEnvManager._take_step": {
                                    "total": 119.10267441900231,
                                    "count": 50837,
                                    "self": 2.7860651580014633,
                                    "children": {
                                        "TorchPolicy.evaluate": {
                                            "total": 116.31660926100085,
                                            "count": 50835,
                                            "self": 16.368580126002854,
                                            "children": {
                                                "TorchPolicy.sample_actions": {
                                                    "total": 99.948029134998,
                                                    "count": 50835,
                                                    "self": 99.948029134998
                                                }
                                            }
                                        }
                                    }
                                },
                                "workers": {
                                    "total": 0.6700766320003577,
                                    "count": 50836,
                                    "self": 0.0,
                                    "children": {
                                        "worker_root": {
                                            "total": 378.690229865997,
                                            "count": 50836,