{
    "name": "root",
    "gauges": {
        "ArcherBehavior.Policy.Entropy.mean": {
            "value": 1.336368441581726,
            "min": 1.336368203163147,
            "max": 1.4189382791519165,
            "count": 150
        },
        "ArcherBehavior.Policy.Entropy.sum": {
            "value": 1336.368408203125,
            "min": 1335.397705078125,
            "max": 1460.08740234375,
            "count": 150
        },
        "ArcherBehavior.Environment.EpisodeLength.mean": {
            "value": 0.0,
            "min": 0.0,
            "max": 0.0,
            "count": 150
        },
        "ArcherBehavior.Environment.EpisodeLength.sum": {
            "value": 0.0,
            "min": 0.0,
            "max": 0.0,
            "count": 150
        },
        "ArcherBehavior.Step.mean": {
            "value": 149999.0,
            "min": 999.0,
            "max": 149999.0,
            "count": 150
        },
        "ArcherBehavior.Step.sum": {
            "value": 149999.0,
            "min": 999.0,
            "max": 149999.0,
            "count": 150
        },
        "ArcherBehavior.Policy.ExtrinsicValueEstimate.mean": {
            "value": -0.6207291483879089,
            "min": -0.8714503645896912,
            "max": 0.0,
            "count": 150
        },
        "ArcherBehavior.Policy.ExtrinsicValueEstimate.sum": {
            "value": -620.7291259765625,
            "min": -871.4503784179688,
            "max": 0.0,
            "count": 150
        },
        "ArcherBehavior.Environment.CumulativeReward.mean": {
            "value": -0.6156062377095223,
            "min": -0.874271901845932,
            "max": -0.5972095510363579,
            "count": 150
        },
        "ArcherBehavior.Environment.CumulativeReward.sum": {
            "value": -615.6062377095222,
            "min": -874.271901845932,
            "max": -597.2095510363579,
            "count": 150
        },
        "ArcherBehavior.Policy.ExtrinsicReward.mean": {
            "value": -0.6156062377095223,
            "min": -0.874271901845932,
            "max": -0.5972095510363579,
            "count": 150
        },
        "ArcherBehavior.Policy.ExtrinsicReward.sum": {
            "value": -615.6062377095222,
            "min": -874.271901845932,
            "max": -597.2095510363579,
            "count": 150
        },
        "ArcherBehavior.IsTraining.mean": {
            "value": 1.0,
            "min": 1.0,
            "max": 1.0,
            "count": 150
        },
        "ArcherBehavior.IsTraining.sum": {
            "value": 1.0,
            "min": 1.0,
            "max": 1.0,
            "count": 150
        },
        "ArcherBehavior.Losses.PolicyLoss.mean": {
            "value": 0.008049430263539156,
            "min": 0.008049430263539156,
            "max": 0.03535503416011731,
            "count": 14
        },
        "ArcherBehavior.Losses.PolicyLoss.sum": {
            "value": 0.008049430263539156,
            "min": 0.008049430263539156,
            "max": 0.03535503416011731,
            "count": 14
        },
        "ArcherBehavior.Losses.ValueLoss.mean": {
            "value": 0.021911917005976042,
            "min": 0.021911917005976042,
            "max": 0.6870977918306986,
            "count": 14
        },
        "ArcherBehavior.Losses.ValueLoss.sum": {
            "value": 0.021911917005976042,
            "min": 0.021911917005976042,
            "max": 0.6870977918306986,
            "count": 14
        },
        "ArcherBehavior.Policy.LearningRate.mean": {
            "value": 4.413342892000002e-05,
            "min": 4.413342892000002e-05,
            "max": 0.000931713340162,
            "count": 14
        },
        "ArcherBehavior.Policy.LearningRate.sum": {
            "value": 4.413342892000002e-05,
            "min": 4.413342892000002e-05,
            "max": 0.000931713340162,
            "count": 14
        },
        "ArcherBehavior.Policy.Epsilon.mean": {
            "value": 0.1044133333333333,
            "min": 0.1044133333333333,
            "max": 0.19317133333333336,
            "count": 14
        },
        "ArcherBehavior.Policy.Epsilon.sum": {
            "value": 0.1044133333333333,
            "min": 0.1044133333333333,
            "max": 0.19317133333333336,
            "count": 14
        },
        "ArcherBehavior.Policy.Beta.mean": {
            "value": 3.1625333333333344e-05,
            "min": 3.1625333333333344e-05,
            "max": 0.00046653953333333336,
            "count": 14
        },
        "ArcherBehavior.Policy.Beta.sum": {
            "value": 3.1625333333333344e-05,
            "min": 3.1625333333333344e-05,
            "max": 0.00046653953333333336,
            "count": 14
        }
    },
    "metadata": {
        "timer_format_version": "0.1.0",
        "start_time_seconds": "1620146635",
        "python_version": "3.7.9 (default, Aug 31 2020, 07:22:35) \n[Clang 10.0.0 ]",
        "command_line_arguments": "/Users/edwardli/anaconda3/envs/ml-agents/bin/mlagents-learn config/archer_config.yaml --run-id=largenn2",
        "mlagents_version": "0.26.0",
        "mlagents_envs_version": "0.26.0",
        "communication_protocol_version": "1.5.0",
        "pytorch_version": "1.7.1",
        "numpy_version": "1.18.5",
        "end_time_seconds": "1620147492"
    },
    "total": 857.284383821,
    "count": 1,
    "self": 0.007534596000141391,
    "children": {
        "run_training.setup": {
            "total": 0.06384894100000005,
            "count": 1,
            "self": 0.06384894100000005
        },
        "TrainerController.start_learning": {
            "total": 857.2130002839999,
            "count": 1,
            "self": 2.684289529994544,
            "children": {
                "TrainerController._reset_env": {
                    "total": 10.154989041,
                    "count": 1,
                    "self": 10.154989041
                },
                "TrainerController.advance": {
                    "total": 844.3082442020053,
                    "count": 106968,
                    "self": 1.4928138360119192,
                    "children": {
                        "env_step": {
                            "total": 842.8154303659934,
                            "count": 106968,
                            "self": 585.5002456109974,
                            "children": {
                                "SubprocessEnvManager._take_step": {
                                    "total": 255.87358353299052,
                                    "count": 106968,
                                    "self": 6.006229724982404,
                                    "children": {
                                        "TorchPolicy.evaluate": {
                                            "total": 249.86735380800812,
                                            "count": 106968,
                                            "self": 35.73954511402198,
                                            "children": {
                                                "TorchPolicy.sample_actions": {
                                                    "total": 214.12780869398614,
                                                    "count": 106968,
                                                    "self": 214.12780869398614
                                                }
                                            }
                                        }
                                    }
                                },
                                "workers": {
                                    "total": 1.4416012220054384,
                                    "count": 106968,
                                    "self": 0.0,
                                    "children": {
                                        "worker_root": {
                                            "total": 853.6881917809912,
                                            "count": 106968,