{
    "name": "root",
    "gauges": {
        "ArcherBehavior.Policy.Entropy.mean": {
            "value": 1.4122154712677002,
            "min": 1.4122154712677002,
            "max": 1.420188307762146,
            "count": 150
        },
        "ArcherBehavior.Policy.Entropy.sum": {
            "value": 1413.627685546875,
            "min": 1409.39111328125,
            "max": 1457.249755859375,
            "count": 150
        },
        "ArcherBehavior.Environment.EpisodeLength.mean": {
            "value": 0.0,
            "min": 0.0,
            "max": 0.0,
            "count": 150
        },
        "ArcherBehavior.Environment.EpisodeLength.sum": {
            "value": 0.0,
            "min": 0.0,
            "max": 0.0,
            "count": 150
        },
        "ArcherBehavior.Step.mean": {
            "value": 149999.0,
            "min": 999.0,
            "max": 149999.0,
            "count": 150
        },
        "ArcherBehavior.Step.sum": {
            "value": 149999.0,
            "min": 999.0,
            "max": 149999.0,
            "count": 150
        },
        "ArcherBehavior.Policy.ExtrinsicValueEstimate.mean": {
            "value": -0.25655367970466614,
            "min": -0.25655367970466614,
            "max": 0.0,
            "count": 150
        },
        "ArcherBehavior.Policy.ExtrinsicValueEstimate.sum": {
            "value": -256.5536804199219,
            "min": -256.5536804199219,
            "max": 0.0,
            "count": 150
        },
        "ArcherBehavior.Environment.CumulativeReward.mean": {
            "value": -0.8446148380041122,
            "min": -0.8733716324567795,
            "max": -0.8189891569018364,
            "count": 150
        },
        "ArcherBehavior.Environment.CumulativeReward.sum": {
            "value": -844.6148380041122,
            "min": -873.3716324567795,
            "max": -818.9891569018364,
            "count": 150
        },
        "ArcherBehavior.Policy.ExtrinsicReward.mean": {
            "value": -0.8446148380041122,
            "min": -0.8733716324567795,
            "max": -0.8189891569018364,
            "count": 150
        },
        "ArcherBehavior.Policy.ExtrinsicReward.sum": {
            "value": -844.6148380041122,
            "min": -873.3716324567795,
            "max": -818.9891569018364,
            "count": 150
        },
        "ArcherBehavior.IsTraining.mean": {
            "value": 1.0,
            "min": 1.0,
            "max": 1.0,
            "count": 150
        },
        "ArcherBehavior.IsTraining.sum": {
            "value": 1.0,
            "min": 1.0,
            "max": 1.0,
            "count": 150
        },
        "ArcherBehavior.Losses.PolicyLoss.mean": {
            "value": 0.010253183823078871,
            "min": 0.010253183823078871,
            "max": 0.020841141138225792,
            "count": 14
        },
        "ArcherBehavior.Losses.PolicyLoss.sum": {
            "value": 0.010253183823078871,
            "min": 0.010253183823078871,
            "max": 0.020841141138225792,
            "count": 14
        },
        "ArcherBehavior.Losses.ValueLoss.mean": {
            "value": 0.3868022878964742,
            "min": 0.3868022878964742,
            "max": 0.7637751579284668,
            "count": 14
        },
        "ArcherBehavior.Losses.ValueLoss.sum": {
            "value": 0.3868022878964742,
            "min": 0.3868022878964742,
            "max": 0.7637751579284668,
            "count": 14
        },
        "ArcherBehavior.Policy.LearningRate.mean": {
            "value": 4.412009558800004e-05,
            "min": 4.412009558800004e-05,
            "max": 0.0009317266734940005,
            "count": 14
        },
        "ArcherBehavior.Policy.LearningRate.sum": {
            "value": 4.412009558800004e-05,
            "min": 4.412009558800004e-05,
            "max": 0.0009317266734940005,
            "count": 14
        },
        "ArcherBehavior.Policy.Epsilon.mean": {
            "value": 0.10441199999999998,
            "min": 0.10441199999999998,
            "max": 0.19317266666666674,
            "count": 14
        },
        "ArcherBehavior.Policy.Epsilon.sum": {
            "value": 0.10441199999999998,
            "min": 0.10441199999999998,
            "max": 0.19317266666666674,
            "count": 14
        },
        "ArcherBehavior.Policy.Beta.mean": {
            "value": 3.161880000000002e-05,
            "min": 3.161880000000002e-05,
            "max": 0.0004665460666666668,
            "count": 14
        },
        "ArcherBehavior.Policy.Beta.sum": {
            "value": 3.161880000000002e-05,
            "min": 3.161880000000002e-05,
            "max": 0.0004665460666666668,
            "count": 14
        }
    },
    "metadata": {
        "timer_format_version": "0.1.0",
        "start_time_seconds": "1620145048",
        "python_version": "3.7.9 (default, Aug 31 2020, 07:22:35) \n[Clang 10.0.0 ]",
        "command_line_arguments": "/Users/edwardli/anaconda3/envs/ml-agents/bin/mlagents-learn config/archer_config.yaml --run-id=smallobs",
        "mlagents_version": "0.26.0",
        "mlagents_envs_version": "0.26.0",
        "communication_protocol_version": "1.5.0",
        "pytorch_version": "1.7.1",
        "numpy_version": "1.18.5",
        "end_time_seconds": "1620145796"
    },
    "total": 748.550900322,
    "count": 1,
    "self": 0.009010047999936432,
    "children": {
        "run_training.setup": {
            "total": 0.051813958999999965,
            "count": 1,
            "self": 0.051813958999999965
        },
        "TrainerController.start_learning": {
            "total": 748.490076315,
            "count": 1,
            "self": 2.4839195490122847,
            "children": {
                "TrainerController._reset_env": {
                    "total": 8.066996732,
                    "count": 1,
                    "self": 8.066996732
                },
                "TrainerController.advance": {
                    "total": 737.8352618329876,
                    "count": 96380,
                    "self": 1.3439952509856994,
                    "children": {
                        "env_step": {
                            "total": 736.4912665820019,
                            "count": 96380,
                            "self": 499.3104626520071,
                            "children": {
                                "SubprocessEnvManager._take_step": {
                                    "total": 235.8982838129936,
                                    "count": 96380,
                                    "self": 5.337296056995001,
                                    "children": {
                                        "TorchPolicy.evaluate": {
                                            "total": 230.5609877559986,
                                            "count": 96380,
                                            "self": 32.890134525997695,
                                            "children": {
                                                "TorchPolicy.sample_actions": {
                                                    "total": 197.67085323000092,
                                                    "count": 96380,
                                                    "self": 197.67085323000092
                                                }
                                            }
                                        }
                                    }
                                },
                                "workers": {
                                    "total": 1.2825201170011926,
                                    "count": 96380,
                                    "self": 0.0,
                                    "children": {
                                        "worker_root": {
                                            "total": 745.3256244300039,
                                            "count": 96380,